{
  "best_global_step": null,
  "best_metric": null,
  "best_model_checkpoint": null,
  "epoch": 3.0,
  "eval_steps": 500,
  "global_step": 45,
  "is_hyper_param_search": false,
  "is_local_process_zero": true,
  "is_world_process_zero": true,
  "log_history": [
    {
      "epoch": 0.6666666666666666,
      "grad_norm": 3.9114654064178467,
      "learning_rate": 0.00016,
      "loss": 35.81875,
      "step": 10
    },
    {
      "epoch": 1.3333333333333333,
      "grad_norm": 8.122383117675781,
      "learning_rate": 0.00011555555555555555,
      "loss": 35.89396362304687,
      "step": 20
    },
    {
      "epoch": 2.0,
      "grad_norm": 5.188951015472412,
      "learning_rate": 7.111111111111112e-05,
      "loss": 35.27603759765625,
      "step": 30
    },
    {
      "epoch": 2.6666666666666665,
      "grad_norm": 4.913017749786377,
      "learning_rate": 2.6666666666666667e-05,
      "loss": 34.31199340820312,
      "step": 40
    }
  ],
  "logging_steps": 10,
  "max_steps": 45,
  "num_input_tokens_seen": 0,
  "num_train_epochs": 3,
  "save_steps": 500,
  "stateful_callbacks": {
    "TrainerControl": {
      "args": {
        "should_epoch_stop": false,
        "should_evaluate": false,
        "should_log": false,
        "should_save": true,
        "should_training_stop": true
      },
      "attributes": {}
    }
  },
  "total_flos": 4206318059520.0,
  "train_batch_size": 2,
  "trial_name": null,
  "trial_params": null
}
